{"assets/ekyc_icon_back.png":["assets/ekyc_icon_back.png","assets/images/ekyc_icon_back.png"],"assets/fonts/roboto_medium.ttf":["assets/fonts/roboto_medium.ttf"],"assets/fonts/sf_pro_medium.otf":["assets/fonts/sf_pro_medium.otf"],"assets/fonts/svn_gilroy_bold.otf":["assets/fonts/svn_gilroy_bold.otf"],"assets/fonts/svn_gilroy_italic.otf":["assets/fonts/svn_gilroy_italic.otf"],"assets/fonts/svn_gilroy_light.otf":["assets/fonts/svn_gilroy_light.otf"],"assets/fonts/svn_gilroy_light_italic.otf":["assets/fonts/svn_gilroy_light_italic.otf"],"assets/fonts/svn_gilroy_medium.otf":["assets/fonts/svn_gilroy_medium.otf"],"assets/fonts/svn_gilroy_semibold.otf":["assets/fonts/svn_gilroy_semibold.otf"],"assets/images/Faceliveness_mobilenetv2_0.25_mymodel_3_train_01042022_export_01042022.tflite":["assets/images/Faceliveness_mobilenetv2_0.25_mymodel_3_train_01042022_export_01042022.tflite"],"assets/images/bg_liveness_msg.png":["assets/images/bg_liveness_msg.png"],"assets/images/camera_temp.png":["assets/images/camera_temp.png"],"assets/images/cardliveness_mymodel_12_mobilenetv2_26classes_finger_spotlight_04042022_1553.tflite":["assets/images/cardliveness_mymodel_12_mobilenetv2_26classes_finger_spotlight_04042022_1553.tflite"],"assets/images/ekyc_icon_back.png":["assets/images/ekyc_icon_back.png"],"assets/images/ekyc_icon_forward.png":["assets/images/ekyc_icon_forward.png"],"assets/images/ekyc_list_selector_x.png":["assets/images/ekyc_list_selector_x.png"],"assets/images/ekyc_search_icon.png":["assets/images/ekyc_search_icon.png"],"assets/images/ic_account.png":["assets/images/ic_account.png"],"assets/images/ic_arrow.png":["assets/images/ic_arrow.png"],"assets/images/ic_arrow_down.png":["assets/images/ic_arrow_down.png"],"assets/images/ic_arrow_right.png":["assets/images/ic_arrow_right.png"],"assets/images/ic_back.png":["assets/images/ic_back.png"],"assets/images/ic_back_capture.png":["assets/images/ic_back_capture.png"],"assets/images/ic_capture.png":["assets/images/ic_capture.png"],"assets/images/ic_capture_disabled.png":["assets/images/ic_capture_disabled.png"],"assets/images/ic_capture_green.png":["assets/images/ic_capture_green.png"],"assets/images/ic_card.png":["assets/images/ic_card.png"],"assets/images/ic_card_empty.png":["assets/images/ic_card_empty.png"],"assets/images/ic_check_success.png":["assets/images/ic_check_success.png"],"assets/images/ic_checkbox_checked.png":["assets/images/ic_checkbox_checked.png"],"assets/images/ic_checkbox_unchecked.png":["assets/images/ic_checkbox_unchecked.png"],"assets/images/ic_checked.png":["assets/images/ic_checked.png"],"assets/images/ic_close.png":["assets/images/ic_close.png"],"assets/images/ic_comma.png":["assets/images/ic_comma.png"],"assets/images/ic_credit_card.png":["assets/images/ic_credit_card.png"],"assets/images/ic_dotted.png":["assets/images/ic_dotted.png"],"assets/images/ic_down.png":["assets/images/ic_down.png"],"assets/images/ic_home.png":["assets/images/ic_home.png"],"assets/images/ic_indicator_1_active.png":["assets/images/ic_indicator_1_active.png"],"assets/images/ic_indicator_1_inactive.png":["assets/images/ic_indicator_1_inactive.png"],"assets/images/ic_indicator_2_active.png":["assets/images/ic_indicator_2_active.png"],"assets/images/ic_indicator_2_inactive.png":["assets/images/ic_indicator_2_inactive.png"],"assets/images/ic_indicator_3_active.png":["assets/images/ic_indicator_3_active.png"],"assets/images/ic_indicator_3_inactive.png":["assets/images/ic_indicator_3_inactive.png"],"assets/images/ic_indicator_4_active.png":["assets/images/ic_indicator_4_active.png"],"assets/images/ic_indicator_4_inactive.png":["assets/images/ic_indicator_4_inactive.png"],"assets/images/ic_indicator_5_active.png":["assets/images/ic_indicator_5_active.png"],"assets/images/ic_indicator_5_inactive.png":["assets/images/ic_indicator_5_inactive.png"],"assets/images/ic_indicator_passed.png":["assets/images/ic_indicator_passed.png"],"assets/images/ic_liveness_avatar_1.png":["assets/images/ic_liveness_avatar_1.png"],"assets/images/ic_person.png":["assets/images/ic_person.png"],"assets/images/ic_point.png":["assets/images/ic_point.png"],"assets/images/ic_radio.png":["assets/images/ic_radio.png"],"assets/images/ic_radio_active.png":["assets/images/ic_radio_active.png"],"assets/images/ic_step_three_cccd.png":["assets/images/ic_step_three_cccd.png"],"assets/images/ic_success.png":["assets/images/ic_success.png"],"assets/images/ic_switch_camera.png":["assets/images/ic_switch_camera.png"],"assets/images/ic_switch_camera_white.png":["assets/images/ic_switch_camera_white.png"],"assets/images/ic_x.png":["assets/images/ic_x.png"],"assets/images/img_bieuphi.png":["assets/images/img_bieuphi.png"],"assets/images/liveness_face_bg.png":["assets/images/liveness_face_bg.png"],"assets/images/liveness_face_bg_darken.png":["assets/images/liveness_face_bg_darken.png"],"assets/images/liveness_instruction.gif":["assets/images/liveness_instruction.gif"],"assets/images/liveness_instruction.png":["assets/images/liveness_instruction.png"],"assets/images/main_banner_default.png":["assets/images/main_banner_default.png"],"assets/images/vpb_icon.png":["assets/images/vpb_icon.png"],"assets/images/zoom_in_zoom_out.png":["assets/images/zoom_in_zoom_out.png"],"assets/models/Faceliveness_mobilenetv2_0.25_mymodel_3_train_01042022_export_01042022.tflite":["assets/models/Faceliveness_mobilenetv2_0.25_mymodel_3_train_01042022_export_01042022.tflite"],"assets/models/cardliveness_mymodel_12_mobilenetv2_26classes_finger_spotlight_04042022_1553.tflite":["assets/models/cardliveness_mymodel_12_mobilenetv2_26classes_finger_spotlight_04042022_1553.tflite"],"assets/models/face_detection_back.tflite":["assets/models/face_detection_back.tflite"],"assets/sounds/center.mp3":["assets/sounds/center.mp3"],"assets/sounds/closer.mp3":["assets/sounds/closer.mp3"],"assets/sounds/cover.mp3":["assets/sounds/cover.mp3"],"assets/sounds/environtment.mp3":["assets/sounds/environtment.mp3"],"assets/sounds/intro.mp3":["assets/sounds/intro.mp3"],"assets/sounds/mask.mp3":["assets/sounds/mask.mp3"],"assets/sounds/no_face.mp3":["assets/sounds/no_face.mp3"],"assets/sounds/stay_still.mp3":["assets/sounds/stay_still.mp3"],"assets/sounds/sunglasses.mp3":["assets/sounds/sunglasses.mp3"],"assets/sounds/turn_left.mp3":["assets/sounds/turn_left.mp3"],"assets/sounds/turn_right.mp3":["assets/sounds/turn_right.mp3"],"assets/sounds/two_face.mp3":["assets/sounds/two_face.mp3"],"assets/sounds/uploading.mp3":["assets/sounds/uploading.mp3"],"packages/ekyc_flutter_sdk/assets/models/Faceliveness_mobilenetv2_0.25_mymodel_3_train_01042022_export_01042022.tflite":["packages/ekyc_flutter_sdk/assets/models/Faceliveness_mobilenetv2_0.25_mymodel_3_train_01042022_export_01042022.tflite"],"packages/ekyc_flutter_sdk/assets/models/cardliveness_mymodel_12_mobilenetv2_26classes_finger_spotlight_04042022_1553.tflite":["packages/ekyc_flutter_sdk/assets/models/cardliveness_mymodel_12_mobilenetv2_26classes_finger_spotlight_04042022_1553.tflite"],"packages/ekyc_flutter_sdk/assets/models/face_detection_back.tflite":["packages/ekyc_flutter_sdk/assets/models/face_detection_back.tflite"]}