{"assets/ekyc_icon_back.png":["assets/ekyc_icon_back.png","assets/images/ekyc_icon_back.png"],"assets/fonts/svn_gilroy_bold.otf":["assets/fonts/svn_gilroy_bold.otf"],"assets/fonts/svn_gilroy_italic.otf":["assets/fonts/svn_gilroy_italic.otf"],"assets/fonts/svn_gilroy_light.otf":["assets/fonts/svn_gilroy_light.otf"],"assets/fonts/svn_gilroy_light_italic.otf":["assets/fonts/svn_gilroy_light_italic.otf"],"assets/fonts/svn_gilroy_medium.otf":["assets/fonts/svn_gilroy_medium.otf"],"assets/fonts/svn_gilroy_semibold.otf":["assets/fonts/svn_gilroy_semibold.otf"],"assets/images/bg_liveness_msg.png":["assets/images/bg_liveness_msg.png"],"assets/images/camera_temp.png":["assets/images/camera_temp.png"],"assets/images/ekyc_icon_back.png":["assets/images/ekyc_icon_back.png"],"assets/images/ekyc_icon_forward.png":["assets/images/ekyc_icon_forward.png"],"assets/images/ekyc_list_selector_x.png":["assets/images/ekyc_list_selector_x.png"],"assets/images/ekyc_search_icon.png":["assets/images/ekyc_search_icon.png"],"assets/images/ic_account.png":["assets/images/ic_account.png"],"assets/images/ic_arrow.png":["assets/images/ic_arrow.png"],"assets/images/ic_arrow_down.png":["assets/images/ic_arrow_down.png"],"assets/images/ic_arrow_right.png":["assets/images/ic_arrow_right.png"],"assets/images/ic_back.png":["assets/images/ic_back.png"],"assets/images/ic_capture.png":["assets/images/ic_capture.png"],"assets/images/ic_capture_disabled.png":["assets/images/ic_capture_disabled.png"],"assets/images/ic_card.png":["assets/images/ic_card.png"],"assets/images/ic_card_empty.png":["assets/images/ic_card_empty.png"],"assets/images/ic_check_success.png":["assets/images/ic_check_success.png"],"assets/images/ic_checkbox_checked.png":["assets/images/ic_checkbox_checked.png"],"assets/images/ic_checkbox_unchecked.png":["assets/images/ic_checkbox_unchecked.png"],"assets/images/ic_checked.png":["assets/images/ic_checked.png"],"assets/images/ic_close.png":["assets/images/ic_close.png"],"assets/images/ic_comma.png":["assets/images/ic_comma.png"],"assets/images/ic_credit_card.png":["assets/images/ic_credit_card.png"],"assets/images/ic_dotted.png":["assets/images/ic_dotted.png"],"assets/images/ic_down.png":["assets/images/ic_down.png"],"assets/images/ic_home.png":["assets/images/ic_home.png"],"assets/images/ic_indicator_1_active.png":["assets/images/ic_indicator_1_active.png"],"assets/images/ic_indicator_1_inactive.png":["assets/images/ic_indicator_1_inactive.png"],"assets/images/ic_indicator_2_active.png":["assets/images/ic_indicator_2_active.png"],"assets/images/ic_indicator_2_inactive.png":["assets/images/ic_indicator_2_inactive.png"],"assets/images/ic_indicator_3_active.png":["assets/images/ic_indicator_3_active.png"],"assets/images/ic_indicator_3_inactive.png":["assets/images/ic_indicator_3_inactive.png"],"assets/images/ic_indicator_4_active.png":["assets/images/ic_indicator_4_active.png"],"assets/images/ic_indicator_4_inactive.png":["assets/images/ic_indicator_4_inactive.png"],"assets/images/ic_indicator_5_active.png":["assets/images/ic_indicator_5_active.png"],"assets/images/ic_indicator_5_inactive.png":["assets/images/ic_indicator_5_inactive.png"],"assets/images/ic_indicator_passed.png":["assets/images/ic_indicator_passed.png"],"assets/images/ic_liveness_avatar_1.png":["assets/images/ic_liveness_avatar_1.png"],"assets/images/ic_person.png":["assets/images/ic_person.png"],"assets/images/ic_point.png":["assets/images/ic_point.png"],"assets/images/ic_radio.png":["assets/images/ic_radio.png"],"assets/images/ic_radio_active.png":["assets/images/ic_radio_active.png"],"assets/images/ic_step_three_cccd.png":["assets/images/ic_step_three_cccd.png"],"assets/images/ic_success.png":["assets/images/ic_success.png"],"assets/images/ic_switch_camera.png":["assets/images/ic_switch_camera.png"],"assets/images/ic_x.png":["assets/images/ic_x.png"],"assets/images/liveness_face_bg.png":["assets/images/liveness_face_bg.png"],"assets/images/liveness_instruction.gif":["assets/images/liveness_instruction.gif"],"assets/images/liveness_instruction.png":["assets/images/liveness_instruction.png"],"assets/images/main_banner_default.png":["assets/images/main_banner_default.png"],"assets/images/vpb_icon.png":["assets/images/vpb_icon.png"],"assets/models/Faceliveness_mobilenetv2_0.25_mymodel_5_04032022.tflite":["assets/models/Faceliveness_mobilenetv2_0.25_mymodel_5_04032022.tflite"],"assets/models/cardliveness_mymodel_21_mobilenetv2_26classes_new_spotlight_08032022_1131.tflite":["assets/models/cardliveness_mymodel_21_mobilenetv2_26classes_new_spotlight_08032022_1131.tflite"],"assets/models/face_detection_back.tflite":["assets/models/face_detection_back.tflite"],"packages/cupertino_icons/assets/CupertinoIcons.ttf":["packages/cupertino_icons/assets/CupertinoIcons.ttf"],"packages/ekyc_flutter_sdk/assets/models/Faceliveness_mobilenetv2_0.25_mymodel_5_04032022.tflite":["packages/ekyc_flutter_sdk/assets/models/Faceliveness_mobilenetv2_0.25_mymodel_5_04032022.tflite"],"packages/ekyc_flutter_sdk/assets/models/cardliveness_mymodel_21_mobilenetv2_26classes_new_spotlight_08032022_1131.tflite":["packages/ekyc_flutter_sdk/assets/models/cardliveness_mymodel_21_mobilenetv2_26classes_new_spotlight_08032022_1131.tflite"],"packages/ekyc_flutter_sdk/assets/models/face_detection_back.tflite":["packages/ekyc_flutter_sdk/assets/models/face_detection_back.tflite"],"packages/fluttertoast/assets/toastify.css":["packages/fluttertoast/assets/toastify.css"],"packages/fluttertoast/assets/toastify.js":["packages/fluttertoast/assets/toastify.js"]}