[{"family":"MaterialIcons","fonts":[{"asset":"fonts/MaterialIcons-Regular.otf"}]},{"family":"svn_gilroy_medium","fonts":[{"asset":"assets/fonts/svn_gilroy_medium.otf"}]},{"family":"svn_gilroy_bold","fonts":[{"asset":"assets/fonts/svn_gilroy_bold.otf"}]},{"family":"svn_gilroy_semibold","fonts":[{"asset":"assets/fonts/svn_gilroy_semibold.otf"}]},{"family":"svn_gilroy_italic","fonts":[{"asset":"assets/fonts/svn_gilroy_italic.otf"}]},{"family":"svn_gilroy_light","fonts":[{"asset":"assets/fonts/svn_gilroy_light.otf"}]},{"family":"svn_gilroy_light_italic","fonts":[{"asset":"assets/fonts/svn_gilroy_light_italic.otf"}]},{"family":"packages/cupertino_icons/CupertinoIcons","fonts":[{"asset":"packages/cupertino_icons/assets/CupertinoIcons.ttf"}]}]